Ref,Val,Package,PosX,PosY,Rot,Side
"C1","0.1uF","C_0603_1608Metric",133.146800,-82.968800,-90.000000,top
"C2","1uF","C_0603_1608Metric",43.942000,-88.138000,0.000000,top
"C3","0.1uF","C_0603_1608Metric",43.942000,-89.687400,0.000000,top
"C4","0.1uF","C_0603_1608Metric",39.878000,-91.948000,0.000000,top
"C5","0.1uF","C_0603_1608Metric",53.004000,-96.186000,180.000000,top
"C6","0.1uF","C_0603_1608Metric",49.104000,-96.186000,0.000000,top
"C7","0.1uF","C_0402_1005Metric",45.692000,-96.586000,180.000000,top
"C8","4.7uF","C_0603_1608Metric",56.104000,-96.836000,0.000000,top
"C9","0.1uF","C_0402_1005Metric",45.692000,-97.586000,180.000000,top
"C10","0.01uF","C_0402_1005Metric",45.692000,-100.336000,180.000000,top
"C11","4700pF","C_0402_1005Metric",58.254000,-99.286000,0.000000,top
"C12","100pF","C_0402_1005Metric",58.254000,-100.336000,0.000000,top
"C13","1uF","C_0603_1608Metric",49.554000,-102.786000,0.000000,top
"C14","0.1uF","C_0402_1005Metric",50.104000,-101.586000,0.000000,top
"C15","0.1uF","C_0402_1005Metric",54.604000,-100.836000,90.000000,top
"C16","0.1uF","C_0402_1005Metric",52.004000,-101.586000,180.000000,top
"C21","10uF","C_1206_3216Metric",48.754000,-104.686000,0.000000,top
"C22","1uF","C_0603_1608Metric",52.554000,-102.786000,180.000000,top
"C23","10uF","C_1206_3216Metric",53.354000,-104.686000,180.000000,top
"C24","68uF","PCAP_EEHZ_F_PAN",40.849000,-109.836000,-90.000000,top
"C25","10uF","C_1206_3216Metric",48.754000,-106.986000,0.000000,top
"C26","10uF","C_1206_3216Metric",53.354000,-106.986000,180.000000,top
"C27","0.1uF","C_0402_1005Metric",46.253400,-110.794800,-90.000000,top
"C28","10uF","C_1206_3216Metric",53.354000,-109.286000,180.000000,top
"C29","0.1uF","C_0402_1005Metric",58.420000,-110.744000,-90.000000,top
"C30","0.1uF","C_0603_1608Metric",89.662000,-113.157000,0.000000,top
"C31","1uF","C_0603_1608Metric",62.004000,-110.836000,-90.000000,top
"C32","100uF","CAP_EEHZK1V101XP_PAN",67.564000,-110.836000,-90.000000,top
"C33","0.1uF","C_0603_1608Metric",113.170500,-118.386500,0.000000,top
"C34","0.1uF","C_0603_1608Metric",117.320500,-118.386500,180.000000,top
"C35","0.1uF","C_0603_1608Metric",76.945500,-122.385500,180.000000,top
"C36","0.1uF","C_0603_1608Metric",72.881500,-124.620700,180.000000,top
"C37","0.1uF","C_0603_1608Metric",84.293501,-123.380500,90.000000,top
"C38","22uF","C_1210_3225Metric",124.445500,-122.936500,-90.000000,top
"C39","1uF","C_0603_1608Metric",72.881500,-126.195500,180.000000,top
"C40","1uF","CAP_293D_B_VIS",81.263500,-123.464500,-90.000000,top
"C41","10uF","C_1210_3225Metric",105.745500,-122.411500,-90.000000,top
"C42","1uF","C_0805_2012Metric",108.345500,-121.936500,-90.000000,top
"C43","1uF","C_0805_2012Metric",110.420500,-122.936500,-90.000000,top
"C44","4.7uF","C_0603_1608Metric",112.141000,-124.079000,-90.000000,top
"C45","1uF","C_0805_2012Metric",118.620500,-122.386500,-90.000000,top
"C46","22uF","C_1210_3225Metric",121.220500,-122.936500,-90.000000,top
"C47","10uF","CP_EIA-7343-43_Kemet-X",96.993501,-132.651500,-90.000000,top
"C48","0.1uF","C_0603_1608Metric",113.207500,-133.132500,0.000000,top
"C49","0.1uF","C_0603_1608Metric",117.357500,-133.126500,180.000000,top
"C50","0.1uF","C_0603_1608Metric",84.801501,-138.684000,180.000000,top
"C51","0.01uF","C_0603_1608Metric",85.344000,-140.208000,180.000000,top
"C52","4.7uF","C_0603_1608Metric",112.191800,-139.065000,-90.000000,top
"C53","0.1uF","C_0603_1608Metric",85.344000,-141.859000,180.000000,top
"C54","10uF","C_1210_3225Metric",105.775100,-137.139700,-90.000000,top
"C55","1uF","C_0805_2012Metric",110.448700,-137.698500,-90.000000,top
"C56","1uF","C_0805_2012Metric",108.365900,-136.682500,-90.000000,top
"C57","1uF","C_0805_2012Metric",118.632500,-137.132500,-90.000000,top
"C58","22uF","C_1210_3225Metric",121.232500,-137.682500,-90.000000,top
"C59","22uF","C_1210_3225Metric",124.432500,-137.682500,-90.000000,top
"C60","0.1uF","C_0603_1608Metric",110.617000,-147.955000,90.000000,top
"C61","0.001uF","C_0603_1608Metric",112.141000,-147.955000,90.000000,top
"C62","0.1uF","C_0603_1608Metric",104.267000,-149.746000,90.000000,top
"C63","0.1uF","C_0603_1608Metric",75.184000,-150.368000,90.000000,top
"C64","0.1uF","C_0603_1608Metric",89.408000,-151.638000,-90.000000,top
"C65","0.1uF","C_0603_1608Metric",112.141000,-156.845000,0.000000,top
"D1","MBR0540","D_SOD-123",131.775200,-123.901200,180.000000,top
"D2","1N4148W","D_SOD-123",81.372501,-132.016500,-90.000000,top
"D8","1N4148WT","D_SOD-523",50.419000,-141.035000,-90.000000,top
"D9","TSD18","D_SOD-323",44.831000,-82.854800,-90.000000,top
"D10","TSD12","D_SOD-323",132.486400,-107.619800,-90.000000,top
"D11","TSD05","D_SOD-323",85.877400,-82.236600,-90.000000,top
"D12","TSD18","D_SOD-323",83.845400,-82.253400,-90.000000,top
"D13","TSD03","D_SOD-323",99.771200,-83.210400,90.000000,top
"D14","TSD03","D_SOD-323",75.209400,-95.647800,-90.000000,top
"D15","TSD03","D_SOD-323",77.216000,-95.614200,-90.000000,top
"D16","TSD03","D_SOD-323",97.713800,-83.235800,90.000000,top
"FID1","Fiducial","Fiducial_1.5mm_Mask3mm",30.480000,-147.320000,0.000000,top
"FID2","Fiducial","Fiducial_1.5mm_Mask3mm",80.899000,-80.949800,0.000000,top
"FID3","Fiducial","Fiducial_1.5mm_Mask3mm",165.100000,-137.160000,0.000000,top
"J7","2908-05WB-MG","3M_2908-05WB-MG",129.540000,-72.390000,0.000000,top
"L1","4.7uH","L_Coilcraft_XAL7070-XXX",51.054000,-91.186000,0.000000,top
"L2","10uH","IND_XGL4040_COC",115.270500,-115.236500,0.000000,top
"L3","10uH","IND_XGL4040_COC",115.307500,-129.982500,0.000000,top
"Q1","IRF7821","SO-8_INF",85.534500,-117.157500,180.000000,top
"Q2","IRF7821","SO-8_INF",94.551500,-117.157500,180.000000,top
"Q3","2N7002","SOT-23",136.574800,-131.870700,0.000000,top
"Q4","2N7002","SOT-23",140.550400,-131.953000,0.000000,top
"Q5","2N7002","SOT-23",145.478000,-131.724400,0.000000,top
"Q6","MMBT3904","SOT-23",50.419000,-145.082500,90.000000,top
"R1","10.0K","R_0603_1608Metric",37.817999,-87.433150,90.000000,top
"R2","10","R_0603_1608Metric",39.116000,-94.488000,-90.000000,top
"R3","10","R_0603_1608Metric",40.640000,-94.488000,-90.000000,top
"R4","0","R_0402_1005Metric",58.978800,-96.875600,180.000000,top
"R5","150K","R_0402_1005Metric",58.254000,-98.336000,0.000000,top
"R6","27.4K","R_0402_1005Metric",56.354000,-99.286000,0.000000,top
"R7","10.0K","R_0603_1608Metric",79.629000,-98.247200,0.000000,top
"R8","10.0K","R_0603_1608Metric",90.932000,-98.298000,180.000000,top
"R9","LVK12R010FER","OH_LVK12_OHM",39.878000,-98.298000,180.000000,top
"R10","49.9K","R_0402_1005Metric",45.692000,-101.336000,180.000000,top
"R11","10","R_0402_1005Metric",56.954000,-101.986000,0.000000,top
"R12","10","R_0402_1005Metric",56.954000,-103.036000,0.000000,top
"R13","LVK12R010FER","OH_LVK12_OHM",60.604000,-107.536000,0.000000,top
"R14","LVK12R010FER","OH_LVK12_OHM",76.945500,-116.035500,0.000000,top
"R15","10","R_0603_1608Metric",76.183500,-119.845500,90.000000,top
"R16","10","R_0603_1608Metric",77.707500,-119.845500,90.000000,top
"R17","2M","R_0603_1608Metric",121.220500,-119.136500,90.000000,top
"R18","LVK12R010FER","OH_LVK12_OHM",90.008501,-123.253500,180.000000,top
"R19","10.0K","R_0603_1608Metric",76.437500,-129.052500,0.000000,top
"R20","2M","R_0603_1608Metric",122.428000,-133.350000,180.000000,top
"R21","10.0K","R_0603_1608Metric",92.421501,-140.101500,90.000000,top
"R22","1k","R_0603_1608Metric",79.730600,-94.742000,180.000000,top
"R23","100","R_0603_1608Metric",135.572000,-134.664700,180.000000,top
"R24","100","R_0603_1608Metric",140.093200,-134.747000,180.000000,top
"R25","100","R_0603_1608Metric",144.766800,-134.518400,180.000000,top
"R26","10.0K","R_0603_1608Metric",88.900000,-142.748000,0.000000,top
"R27","10.0K","R_0603_1608Metric",99.822000,-146.812000,180.000000,top
"R28","10.0K","R_0603_1608Metric",49.530000,-148.971000,90.000000,top
"R29","7.5K 0.1%","R_0603_1608Metric",111.379000,-150.495000,0.000000,top
"R30","10.0K","R_0603_1608Metric",99.822000,-150.495000,180.000000,top
"R31","1k","R_0603_1608Metric",79.705200,-96.393000,180.000000,top
"U1","INA236AIDDFR","SOT23-8_DDF_TEX",40.513000,-88.392000,90.000000,top
"U2","TPS55289RYQR","RYQ0021A-MFG",51.054000,-98.916000,0.000000,top
"U3","LTC3130IUDC-1-TRPBF","UDC_20_ADI",115.045500,-121.686500,0.000000,top
"U4","INA236AIDDFR","SOT23-8_DDF_TEX",76.310500,-125.941500,-90.000000,top
"U5","LTC3130IUDC-1-TRPBF","UDC_20_ADI",115.071500,-136.428500,0.000000,top
"U6","LT1158CSW-PBF","SO-16_SW_LIT",88.738501,-132.016500,90.000000,top
"U7","SN74LVC1G08","SOT-23-5",89.246501,-140.228500,180.000000,top
"U8","MAX6018AEUR16+T","21-0051H_MXM",107.315000,-149.479000,0.000000,top
"U9","DS3231M","SOIC-16W_7.5x10.3mm_P1.27mm",82.296000,-152.781000,0.000000,top
"U10","ADS1110","SOT-23-6",111.379000,-153.797000,-90.000000,top
"U11","ESDS304DBVR","SOT95P280X145-5N",101.543900,-76.135000,0.000000,top
"U12","ESDS304DBVR","SOT95P280X145-5N",90.540600,-83.276400,0.000000,top
"U13","ESDS304DBVR","SOT95P280X145-5N",129.347200,-82.931000,180.000000,top
"U14","ESDS304DBVR","SOT95P280X145-5N",153.761200,-95.468400,180.000000,top
"U15","ESDS304DBVR","SOT95P280X145-5N",135.607800,-138.693100,180.000000,top
